Gender,Item code,Description,Left
F,L07023600030,A2B Windbreaker Jacket Womens Ixora M,100.00
F,L07023600032,A2B Windbreaker Jacket Womens Ixora L,100.00
F,L07023600033,A2B Windbreaker Jacket Womens Ixora S,100.00
F,L07023600034,A2B Windbreaker Jacket Womens Ixora XS,100.00
F,L07023600035,A2B Windbreaker Jacket Womens Ixora XL,100.00
F,L07179600050,Archaeopteryx Tank Womens Black XL,1.00
F,L07179600050,Archaeopteryx Tank Womens Black XL,1.00
F,L07179600050,Archaeopteryx Tank Womens Black XL,1.00
M,L07179300030,Archaeopteryx T-Shirt SS Mens Black M,2.00
M,L07179300020,Archaeopteryx T-Shirt SS Mens Black S,2.00
M,L07278400040,Archaeopteryx T-Shirt SS Mens Sambal L,5.00
M,L07278400030,Archaeopteryx T-Shirt SS Mens Sambal M,1.00
M,L07276700020,ArcWord T-Shirt SS Mens 24K Black S,2.00
M,L07276500040,ArcWord T-Shirt SS Mens Sambal L,0.00
F,L07178900040,ArcWord T-Shirt SS Womens Black L,2.00
F,L07278300030,ArcWord T-Shirt SS Womens Morganite M,7.00
F,L07278300050,ArcWord T-Shirt SS Womens Morganite XL,4.00
M,L07126500030,Atom LT Hoody Mens Pilot M,15.00
M,L07126500020,Atom LT Hoody Mens Pilot S,6.00
M,L07126800030,Atom LT Hoody Mens Tui M,4.00
F,L07125200020,Atom LT Hoody Womens Hard Coral S,7.00
F,L07125300030,Atom LT Hoody Womens Zaffre M,9.00
F,L07140500040,Atom SL Hoody Womens Iolite L,0.00
M,L07003900040,Atom SL Vest Mens Black L,1.00
M,L07174900050,Atom Vest LT (Gen2) Wolf XL,0.00
F,L06848500040,Beta SL Hybrid Jacket Womens Rad L,6.00
M,L06910900030,Camosun Parka Mens Katalox M,1.00
U,L05795900001,CAP B.A.C. Cap Black L-XL,39.00
U,L07176100001,CAP Bird Cap Dark Navy NA,2.00
F,L06990000040,Cerium SL Hoody Womens Black L,0.00
U,L07135600040,Conveyor Belt Conifer L,1.00
U,L07135600020,Conveyor Belt Conifer S,8.00
U,L07195400040,Conveyor Belt Midnight S L,1.00
U,L07195400030,Conveyor Belt Midnight S M,3.00
U,L07135700020,Conveyor Belt Proteus S,6.00
M,L07192100050,Cormac Crew SS Mens Beacon XL,0.00
M,L07192100050,Cormac Crew SS Mens Beacon XL,0.00
M,L07246900040,Covert Cardigan Mens Pegasus He L,8.00
M,L06857300030,Gamma LT Pant Mens Black M,2.00
F,L07066500010,Gamma MX Hoody Womens Shorepine XS,7.00
F,L06687600004,Gamma MX Pant Womens Marianas 8,4.00
F,L07043500030,Kyanite Vest Womens SMU-Black M,0.00
M,L07136000008,Lefroy Pant Mens Mongoose 32-32,7.00
F,L07033800007,Parapet Short Womens Dark Masse 14,0.00
F,L06912200030,Phase AR Crew LS Womens Azalea M,1.00
M,L07224800030,Phase AR Zip Neck LS Mens Proteus M,3.00
F,L07224200030,Phase AR Zip Neck LS Womens Dark Illuc M,0.00
M,L07185200030,Playground T-Shirt SS Mens Midnight S M,1.00
M,L06965200026,SHOES ACRUX SL M Toreador/Pilote 7,1.00
F,L07124900021,SHOES AERIOS FL GTX W Solstice/Iolite 5.5,0.00
M,L06967200027,SHOES NORVAN LD M Venom Arc/Balsam Green 7.5,0.00
M,L07228600050,Sigma FL Pants Mens Neptune XL,1.00
F,L05699400030,Sylva Parka Womens Black M,0.00
U,L06946300001,Word Head Toque Pilot/Mata NA,0.00
